text,label
﻿I froze as the door swung open to reveal everyone waiting with balloons.,surprise
My jaw dropped when the email announced the grant had finally been approved.,surprise
I can't tell the difference between these two,surprise
Nobody knows what they're doing,surprise
When someone says something for the third time and I still don't get it,surprise
Isn't it strange how nobody knows what they're doing with their lives?,surprise
I blinked in disbelief as the project milestone glowed green on the screen.,surprise
A sudden compliment left me grinning and unsure how to respond.,surprise
I gasped at how cleanly the solution fit the problem I’d been wrestling with.,surprise
"The room erupted in cheers, and I felt a warm flood of pride.",surprise
I wasn’t expecting such a precise match to my notes and I smiled in relief.,surprise
"The screen flickered once, and suddenly the data lined up perfectly.",surprise
"I stood up slowly, astonished by how well everything clicked into place.",surprise
"The proposal was accepted on the first try, and I nearly shouted with joy.",surprise
A gift-wrapped box arrived with my name; I peeked inside and gasped.,surprise
"The plan shifted again, but this time the new direction felt surprisingly exciting.",surprise
"I paused at the threshold, overwhelmed by the sudden confidence I felt.",surprise
I thought I knew this but now I'm not sure about anything,surprise
He is unsure about the answer,surprise
I have never seen something so amazing like this view,surprise
What a splendid idea,surprise
She didn't know she was capable of it,surprise
"The mentor’s praise landed like a spark, igniting a fresh burst of energy.",surprise
"The audience responded with such warmth that I forgot my nerves, it was astounding",surprise
"I opened the book to a page dog-eared by fate, and I felt seen",surprise
The forecast changed to clear skies just as I stepped outside.,surprise
I found a note tucked into the margins that made me light up with delight.,surprise
The prototype worked on the first test—amazed and a little awed.,surprise
"I realized the answer had been right in front of me all along, and I sighed with relief.",surprise
The surprise upgrade turned out to be exactly what I needed.,surprise
I caught my breath as the plan unfolded with perfect timing.,surprise
The memory clicked into place with a satisfying snap of clarity.,surprise
"I swung around and saw colleagues clapping, and I blushed with gratitude.",surprise
The unexpected compliment warmed me from the inside out.,surprise
"I gasped at the precision of the execution, then clapped along.",surprise
The idea clicked so suddenly I nearly knocked over my coffee in excitement.,surprise
"I stepped back, astonished by the level of detail finally coming together.",surprise
"The moment left me with a silent smile, knowing I’d remember this forever.",surprise
I stopped in my tracks when the package I’d written off as lost suddenly appeared at the door.,surprise
My eyes widened as the screen loaded with a notification I never expected to see.,surprise
"I blinked twice, then laughed in disbelief at how perfectly everything aligned.",surprise
"The announcement hit me like a jolt, and for a moment I couldn’t catch my breath.",surprise
I wasn’t ready for how beautiful the scene turned out to be.,surprise
The handwriting on the old letter was shockingly legible after all these years.,surprise
I gasped when the algorithm finally produced the exact result I’d hoped for.,surprise
"The room fell silent, and then erupted in surprised applause.",surprise
"I didn’t foresee this twist, and it filled me with a strange, giddy excitement.",surprise
The surprise upgrade to my flight seat left me grinning from ear to ear.,surprise
"I was startled to see my name in the credits, and it felt so unreal.",surprise
The sudden change in plans sparked a rush of curiosity I couldn’t contain.,surprise
I opened the door to find a friend waiting with news I never saw coming.,surprise
The data point defied expectations and left me dumbfounded.,surprise
"I stood there with my mouth open, stunned by how things turned out.",surprise
The performance exceeded every expectation and left me stunned with joy.,surprise
I caught a glimpse of something incredible and found myself shaking with excitement.,surprise
"The text message delivered exactly what I’d been hoping for, right on cue.",surprise
I blinked at the screen and realized the error was a windfall in disguise.,surprise
The assistant suggested a solution that was so clever I gasped in admiration.,surprise
I walked into the room and was met with a chorus of cheers that stopped me in place.,surprise
"The forecast predicting rain suddenly shifted to sunshine, and I felt buoyant with relief.",surprise
A long-shot idea paid off in the most delightful way imaginable.,surprise
"The box contained a soft, perfect gift that I hadn’t known I needed.",surprise
I stared at the screen as the project milestone flashed in a triumphant green.,surprise
The mentor’s praise came unexpectedly and lifted my mood with bright energy.,surprise
"I found that the stubborn problem had vanished, leaving me stunned and relieved.",surprise
"The reveal left me with a grin I couldn’t hide, despite the nerves beforehand.",surprise
I gasped at the flawless execution of a plan I nearly abandoned.,surprise
The old memory resurfaced in a way that felt like a gift from the past.,surprise
I was stunned by the efficiency of the team’s collaboration and the speed of progress.,surprise
"The surprise twist in the story knocked me back, yet thrilled me at the same time.",surprise
I couldn’t believe how smoothly the script came together in rehearsal.,surprise
"The unexpected compliment warmed me and sparked a sudden, bright energy.",surprise
"I paused, then laughed when a hidden detail finally clicked into place.",surprise
The moment felt like a door opening to a brighter future I’d almost given up on.,surprise
I gasped at the accidental perfection of a coincidence that lined up exactly.,surprise
"The new feature appeared and immediately felt indispensable, shocking me with usefulness.",surprise
I stared in disbelief as the plan finally clicked into a coherent whole.,surprise
A spontaneous gesture from a colleague left me drenched in astonishment and joy.,surprise
The surprise upgrade in the toolset boosted my confidence in seconds.,surprise
"I wasn’t prepared for how moving the scene would be, and my heart leapt.",surprise
"The unexpected rain stopped as soon as I wished for a break, and I cheered.",surprise
"I leaned back and exhaled, realizing the outcome was better than I imagined.",surprise
"The discovery pushed my boundaries and sparked a fresh, electric energy.",surprise
I blinked at the perfect alignment of timing and opportunity.,surprise
"The moment caught me off guard, but the thrill was undeniable.",surprise
I found myself smiling at how a small detail changed everything.,surprise
The audience’s reaction washed over me in a warm wave of delight.,surprise
"I stood amazed as the last piece fell into place, sealing the moment as unforgettable.",surprise
My eyes widened in disbelief as the news flashed across the screen.,surprise
I froze when the door opened and the surprise crowd shouted my name.,surprise
"I gasped loudly, unable to believe what I was witnessing.",surprise
The sudden crash of thunder made me jump out of my seat.,surprise
"I stammered, then whispered, “Are you serious?”",surprise
A chill ran down my spine as the verdict came in.,surprise
"I dropped the cup, astonished by the impossible outcome.",surprise
My heart flipped when the results showed up unexpectedly.,surprise
"I blinked several times, thinking it must be a prank.",surprise
The color drained from my face as the surprise unfolded.,surprise
"I let out a choked laugh, half fear, half awe.",surprise
"I stepped back, mouth agape, trying to comprehend.",surprise
My breath caught in my throat as the truth landed.,surprise
"I couldn’t move a muscle, overwhelmed by the shock.",surprise
A sharp intake of breath signaled my surprise before I spoke.,surprise
My hands trembled as I realized the magnitude of what happened.,surprise
"I whispered, “No way,” and hoped it wasn’t real.",surprise
"The room fell silent, then erupted in astonished murmurs.",surprise
"I nearly dropped what I was holding, stunned by the moment.",surprise
"I stared in disbelief, searching for a clue that this wasn’t true.",surprise
"I frowned, rereading the note to understand what it meant.",surprise
"The instructions repeated themselves, but the meaning remained elusive.",surprise
"I scratched my head, trying to parse the contradictory signals.",surprise
"The chart looked odd, and I couldn’t tell what it proved.",surprise
"I tilted my head, chasing a clearer path through the muddle.",surprise
"The explanation looped back to where it started, with no new insight.",surprise
"I muttered, “I don’t get it,” as I scanned the unfamiliar terms.",surprise
"The more I tried to solve it, the murkier it became.",surprise
"I paused, then circled the ambiguous line in red.",surprise
"I checked three sources, all giving different takes, and remained unsure.",surprise
"I shook my head, searching for a missing piece of context.",surprise
"The data didn’t align, and I couldn’t stitch a story from it.",surprise
I felt like I was reading in a language I almost understood but couldn’t speak.,surprise
"I circled back to the beginning, hoping for a fresh angle.",surprise
"The options blurred together, each with a caveat I hadn’t anticipated.",surprise
"I whispered, “This doesn’t add up,” while counting the inconsistencies.",surprise
"The diagram’s arrows pointed everywhere, but to nowhere clear.",surprise
"I kept re-reading the policy, looking for a hidden exception.",surprise
"The problem refused to yield, no matter how I approached it.",surprise
"I walked away to clear my head, then returned more puzzled.",surprise
The skyline exploded with color when the sun hit the glass—astonishing.,surprise
"I found an answer I hadn’t imagined, and it took my breath away.",surprise
The performance left me reeling with pure admiration.,surprise
"I gasped at the precision of the craft, utterly astonished.",surprise
"The discovery felt like a small miracle, almost surreal.",surprise
"I stood perfectly still, marveling at the improbable coincidence.",surprise
The transformation was so bold that I stared in wide-eyed wonder.,surprise
"I felt like a kid again, dazzled by something truly extraordinary.",surprise
The innovation exceeded every expectation I had.,surprise
My jaw dropped as the scene unfolded with flawless timing.,surprise
"I whispered, “That’s impossible—yet here it is,” and smiled.",surprise
"The scale of it overwhelmed me, leaving me speechless.",surprise
I wasn’t prepared for how stunning it would be.,surprise
The moment shimmered with almost magical clarity.,surprise
I blinked and thanked fate for delivering something so remarkable.,surprise
The achievement seemed to bend reality for a moment.,surprise
"I stood, eyes wide, as wonder filled the room.",surprise
"A surge of awe rushed through me, unmistakably astonished.",surprise
"I realized I was witnessing something legendary, and I felt tiny and grand at once.",surprise
"The detail hung in the air like a perfect painting, and I was transfixed.",surprise
"I stood at the crossroads of two options, each path tempting in its own way, and I couldn’t decide which step would feel like the right one.",surprise
"The more I weigh the pros and cons, the more the options blur together, and my mind keeps looping back to the same questions.",surprise
"I thought I’d pick quickly, but the trade-offs keep piling up, and I’m paralyzed by the fear of choosing wrongly.",surprise
"Two experts gave conflicting advice, and now I’m unsure whom to trust or which rationale to follow.",surprise
"I wrote a list of priorities, then realized the priorities themselves were shifting as new information arrived.",surprise
"The deadline is looming, but every possible decision reveals a new set of risks I hadn’t anticipated.",surprise
"I imagined a clean split between “do this” and “do that,” yet real life keeps layering nuance over the simplest choice.",surprise
"I want to move forward, but committing to one option feels like giving up the others I could still pursue.",surprise
"The numbers look favorable for one route and unfavorable for another, and I can’t settle on which signal to trust.",surprise
"I’m torn between short-term gain and long-term impact, and neither choice feels perfectly right.",surprise
"My gut says one thing, my head says another, and I’m stuck listening to both without finding a clear answer.",surprise
"I drafted a decision memo, but the more I edit, the more I realize I’m missing a crucial piece of context.",surprise
"I rehearsed the pitch for each option, yet none of the rehearsals felt convincing enough to commit to.",surprise
"The potential consequences haunt me, turning a simple selection into a weighing of countless futures.",surprise
"I tried to imagine the outcome of each path, but the future kept shifting as new variables appeared.",surprise
"I want decisive momentum, but the evidence remains too ambiguous to crown a winner.",surprise
"I started with certainty, only to end up with a fog of possibilities that refuses to lift.",surprise
"A single piece of missing data could tilt the decision, and I’m stuck waiting for that clue.",surprise
"I feel the pressure to choose now, yet the more I consider, the more I fear I’ll regret the wrong option.",surprise
"In the end, I’m left with a sense that the best choice is the one I can live with, even if it isn’t perfect.",surprise
"The guidance kept shifting between vague principles and concrete steps, leaving me unsure which direction to trust, while the pros seemed glossy and the cons quietly piled up in the margins.",surprise
"I received two sets of instructions that contradicted each other, and every time I tried to choose, a different department offered a third version, making the trade-offs feel endless.",surprise
"The consultant praised the flexibility of the plan, but the internal memo highlighted risks and costs that pointed in the opposite direction, so I found myself weighing pros and cons without a clear winner.",surprise
"The leadership emphasized speed, yet the risk assessment warned of long-term costs, creating a mixed signal that pulled me toward a cautious middle path and a few bold bets at the same time.",surprise
"A formal guideline suggested proceeding with Option A, while a casual chat hinted at preference for Option B, and both sides promised success leaving me to sift through contradictory assurances.",surprise
"I listed the benefits of pursuing the project, then immediately drafted a list of drawbacks, only to discover more nuanced factors behind each item that didn’t fit neatly into either column.",surprise
"The analyst presented a clean, compelling model, but the stakeholder feedback added messy caveats, turning the neat picture into a sprawling web of pros and cons I wasn’t sure how to navigate.",surprise
"I felt torn: the short-term gains looked attractive and the long-term sustainability seemed shaky, so I started guessing at a hybrid approach while lamenting the lack of a clear rubric.",surprise
"I faced a cascade of mixed signals—optimistic dashboards, skeptical anecdotes, and a chorus of cautious notes—so I paused to map the advantages and disadvantages side by side, unsure which chorus to trust.",surprise
"The instructions keep changing, and I can’t tell which version to follow.",surprise
"I read the manual twice, but I still don’t understand what to do next.",surprise
"Two sources give conflicting data, and I don’t know which to trust.",surprise
"The diagram makes sense in parts, but the whole thing still feels off.",surprise
"I followed the steps exactly, yet the result isn’t aligning with expectations.",surprise
"The terms sound similar, and I’m unsure which one applies here.",surprise
"I asked for clarification, but the reply only added to the confusion.",surprise
"The deadline moved again, and I’m unsure how to adjust the plan.",surprise
"The dashboard shows numbers, but I can’t make sense of what they imply.",surprise
"I expected a simple yes/no, but I’m getting more questions than answers.",surprise
The meeting agenda lists items I don’t recognize.,surprise
The app behaves differently on my device than in the tutorial.,surprise
"I thought I saved the file, but it isn’t showing up where I expect.",surprise
"The labels don’t match the data columns, and I’m lost.",surprise
"The color codes don’t align with the legend, so I’m guessing.",surprise
"The data import failed, yet the log shows no clear error.",surprise
I’m unsure if this is a bug or an intended feature.,surprise
"The policy text is long and vague, making compliance unclear.",surprise
"The chart’s axes are labeled oddly, leaving interpretation hazy.",surprise
I’m torn between two approaches and can’t decide which is safer.,surprise
"The instructions kept changing, and I’m not sure which one to follow.",surprise
"I read the email twice, but the meaning still isn’t clear.",surprise
"Two different sources give conflicting numbers, and I don’t know which to trust.",surprise
"The chart looks promising, but the axis labels don’t make sense to me.",surprise
"I expected a simple fix, yet the error message points to a dozen different files.",surprise
"The plan seems to work on paper, but in practice I’m not sure how to start.",surprise
I heard one thing from one person and another thing from someone else—am I missing context?,surprise
The meeting vibe is mixed: helpful comments and confusing jargon at the same time.,surprise
"I followed the steps exactly, but the result feels off and I can’t tell why.",surprise
"The data looks clean, but a few outliers don’t fit the pattern I was taught.",surprise
I’m seeing two different outcomes in the same experiment and I don’t know which is correct.,surprise
The instructions reference a term I don’t understand and there’s no glossary.,surprise
A decision tree highlights multiple branches; I can’t decide which fork to take.,surprise
"The message says “reply with yes,” but all I want to do is call for clarification.",surprise
"The numbers align for most rows, but a handful don’t, and I can’t spot the issue.",surprise
"I’m supposed to report progress, but I’ve got more questions than answers.",surprise
It’s so hard to decide,surprise
"A user asked for a feature I don’t recall planning, and I’m unsure how to respond.",surprise
"The forecast model shows improvement, yet the dashboard hints at something else entirely.",surprise
I’m scanning the codebase and keep finding dead ends and puzzling errors.,surprise
"The policy document seems detailed, but its practical implications remain hazy.",surprise
"I matched the deadline in my calendar, but the team schedule says something different.",surprise
"The mockups look great, but the specs behind them are missing or unclear.",surprise
I read the requirements aloud and still feel like I’m guessing what’s expected.,surprise
"The email’s subject is obvious, but the content is surprisingly vague.",surprise
"I checked the permissions, yet I’m unsure who can actually access what.",surprise
The prototype behaves oddly in one environment and perfectly in another—why the discrepancy?,surprise
"I’m supposed to approve this, but I’m not confident I understand the impact.",surprise
"The data pull includes extra fields I don’t recognize, and there’s no mapping guide.",surprise
"The client started explaining, then paused, and now I’m back to square one.",surprise
I feel caught between options and can’t decide which path minimizes risk.,surprise
"Can you help me with this, I don’t know what to do?",surprise
"The view took my breath away in an instant, as if the world paused to let me stare.",surprise
"I blinked twice, sure I was dreaming, because the scene was utterly unbelievable.",surprise
Astonishment washed over me as the impossible suddenly became real.,surprise
"I stood in awe, words failing me in the face of such wonder.",surprise
My jaw dropped and I couldn’t look away from the incredible sight.,surprise
"It felt like witnessing a miracle, stunning and instantaneous.",surprise
"I gasped, then laughed with pure, unfiltered amazement.",surprise
"Every sense hummed with the beauty before me, perfectly surprising.",surprise
"I was spellbound, as if time had paused just for this moment.",surprise
The scene dazzled me so completely I forgot to breathe.,surprise
"The scale of it was overwhelming, a vast display of nature’s artistry that left me almost incapable of moving.",surprise
"I stepped closer and the details grew more extraordinary, as if reality had higher resolution in that moment.",surprise
"A cascade of colors unfolded, and I found myself whispering, “Incredible,” again and again.",surprise
"The moment carried a tremor of joy, a bright spark that lit up every corner of my mind.",surprise
"I checked for hidden cameras, certain this was a prank, only to find nothing but pure awe.",surprise
"The sound, the light, the texture—everything converged into one dazzling impression that seemed designed to astonish.",surprise
"I stood at the edge of the vista, arms slightly spread as if to cradle the world, and every detail snapped into focus with dazzling clarity. The air smelled fresher, the colors looked deeper, and a sense of possibility bloomed alongside the wonder.",surprise
"A single moment stretched into an eternity of marvel: the sunset smeared the sky with impossible hues, the mountains wore a regal silhouette, and birds traced arcs across the horizon. I felt astonishment bloom in my chest, expanding until it touched every thought.",surprise
"When the phenomenon persisted beyond a heartbeat, I realized I was witnessing something that defied routine explanation. My mind raced to catalog every shade, every glint, every micro-detail, as if memory could capture the fullness of astonishment more surely than language.",surprise
"The gifted precision of the moment left me mute for a heartbeat, then flooding with questions I didn’t need answers to—only the urge to absorb and remember. I stood there, letting the awe rewrite the boundaries of what I thought possible.",surprise
"The first note of the chorus rose, and I was suddenly overcome by a pure, radiant thrill.",surprise
"A comet streaked across the sky, and I stood rooted, eyes wide with wonder.",surprise
The invention before me looked like it sprang from science fiction and somehow existed now.,surprise
"I felt like a child again, seeing the world with fresh, astonished eyes.",surprise
"Every detail seemed engineered to astonish: subtle textures, perfect symmetry, and a glow that felt almost holy.",surprise
"I took a slow breath and let the moment sink in, knowing it would stay with me as a bright anchor in memory.",surprise
"The surprise kept giving, layer after layer of awe, each more vivid than the last.",surprise
"I approached a landmark with reverence, astonished by how its history and present moment collided in a single, breath-held instant. The more I looked, the more the magnitude revealed itself, until I was convinced the universe conspired to place this scene before me.",surprise
"The scene unfolded with astonishing coherence: light, sound, texture, and movement all aligned to create an overwhelming sense of marvel. My questions paused as gratitude filled the space where doubt usually lived, and I found myself carried by that contagious wonder.",surprise
"I walked away feeling enlarged by the experience, as if awe had shifted something inside me for good.",surprise
"My breath caught as the scene unfolded, and I couldn't look away for a moment.",surprise
"I gasped in delight, feeling a surge of pure wonder flood through me.",surprise
"The discovery left me grinning from ear to ear, completely astonished.",surprise
"I blinked twice, convinced something magical was happening right in front of me.",surprise
"An almost magical clarity washed over me, and I stood stunned.",surprise
"It was so extraordinary that I forgot to speak, just standing there in awe.",surprise
"The detail was astonishing, every facet shining with surprising brilliance.",surprise
I felt a jolt of excitement as reality exceeded every expectation.,surprise
"I was utterly impressed, as if I’d discovered a new world.",surprise
"The moment shimmered with wonder, leaving me completely engaged.",surprise
"I stepped closer and the features revealed themselves in dazzling precision, and I found myself smiling without restraint.",surprise
"The scale overwhelmed me, yet I felt oddly calm, as if the universe was revealing a secret just for me.",surprise
"A cascade of small, delightful details kept unfolding, each one more incredible than the last.",surprise
"I stood still, letting the scene imprint on my memory as if it were a painting come to life.",surprise
"The combination of color, sound, and motion produced a holistic awe that settled deep in my chest.",surprise
"I whispered, “Incredible,” and the word felt too small for the magnitude I was witnessing.",surprise
"The moment stretched like a chord that resonated through me, each note revealing something new about the world I hadn’t noticed before, and I felt reverence blooming with every passing second.",surprise
"I approached with careful steps, taking in the texture, light, and scent, every sense primed to absorb the fullness of wonder that stood before me.",surprise
"The phenomenon persisted beyond expectation, inviting me to study it, savor it, and simply be present with it, which is a rarity in the rush of everyday life.",surprise
"A sense of childlike astonishment washed over me, paired with a gratitude so palpable that I could almost hear it in the air.",surprise
The moment glowed with a warmth that felt almost sacred.,surprise
I was pulled into the scene as if gravity itself softened just for me.,surprise
"My eyes widened automatically, surprised by the sheer loveliness before me.",surprise
I found myself quietly laughing at the sheer improbability of it all.,surprise
"Every tiny detail seemed deliberately crafted to amaze, from the texture to the timing, and I couldn’t look away.",surprise
"The more I studied it, the more layers of wonder I uncovered, each one more surprising than the last.",surprise
"A sense of wonder washed over me, and I wanted to share the moment with everyone I know.",surprise
"I stood at the threshold of a revelation, astonished by how seamlessly truth can outshine imagination, and I felt like the luckiest person in the room.",surprise
"The scene had a choreography of light and motion that felt almost designed to elicit awe, and I found myself moving in slow, deliberate steps to take it all in.",surprise
"As I stepped away, my heart still racing, I carried a warm glow of amazed gratitude.",surprise
"The project promised so much, but as deadlines slipped away I felt the glossy vision dissolve into reality I didn’t recognize.",surprise
"I walked through the empty office, the buzz gone, realizing the dream we chased was never quite what it seemed.",surprise
"After months of hype, the release landed with bugs and excuses, and I found myself questioning every choice we made.",surprise
"I believed in the mission at first, but the clearer I looked, the more it felt like a facade covering a shaky foundation.",surprise
The leadership’s pep talks rang hollow as I watched plans unravel and team morale fade to gray.,surprise
"I kept chasing a reward that kept slipping out of reach, and the chase itself began to feel foolish.",surprise
"The glittering prototype proved far from ready, and the gap between promise and reality stung.",surprise
"I walked away from the meeting with a quiet ache, realizing the goals we preached weren’t aligned with what we actually did.",surprise
"The industry hype cooled, leaving me with a stubborn truth: expectations often outpace the messy work of delivering.",surprise
The enthusiasm that once sparked ideas now felt like a fragile shell that could crack at any critique.,surprise
"I trusted the data, only to see it twist into exceptions that sabotaged our best-laid plans.",surprise
"Days of momentum collapsed into a slow, inevitable slide, and I couldn’t pretend nothing had changed.",surprise
"I stood at the periphery of the launch, watching others celebrate while I wondered what but what we could have done differently.",surprise
"The more I listened to the rhetoric, the more I craved honesty about risks, trade-offs, and limits.",surprise
"Disappointment settled in like a stubborn fog, obscuring the edge of possibility with each passing hour.",surprise
"I wanted to believe we were building something meaningful, but the metrics told a quieter, harsher story.",surprise
"The once-clear roadmap now looked fuzzy, with detours everywhere and no reassurance of arrival.",surprise
"I carried the weight of unmet expectations and found myself recalibrating my ambitions to fit the new, slimmer truth.",surprise
"The enthusiasm I’d carried grew thin, replaced by skepticism about timelines, budgets, and accountability.",surprise
"I kept revising forecasts, hoping for a miracle, but the numbers remained stubbornly realistic and unexciting.",surprise
"To pretend everything was fine felt worse than admitting defeat, so I sat with the discomfort and started planning a more tempered approach.",surprise
"The spark I’d felt for the project dimmed, leaving behind a practical but emotionally muted resolve.",surprise
Everything is so plain when it was supposed to be vibrant,surprise
"I found myself doubting the purpose we claimed to serve, wondering if our impact was as real as we hoped",surprise
"Every milestone achieved now tasted like compromise, a reminder that success often comes at a cost.",surprise
I listened to peers celebrate quarter results and realized our victories were smaller than the legend made them seem.,surprise
"The dream of rapid growth clashed with the slow pace of real progress, leaving me wary of every next step.",surprise
"I shelved grand plans and started drafting a more cautious blueprint, one that guarded against repeating the same mistakes.",surprise
"The environment we praised for innovation felt stifling in practice, a reminder that ideals don’t survive the real world unscathed.",surprise
"In the end I chose to accept the imperfect truth: we did our best, even if the result wasn’t the revolution we hoped for.",surprise
"The gloss peeled away, leaving behind a dull, honest truth I didn’t want to admit.",surprise
"I believed in the promise, but the reality felt flat and tired.",surprise
The plan looked brilliant on paper and fragile in practice.,surprise
Every victory tasted like a compromise I hadn’t anticipated.,surprise
"I watched the launch slide from enthusiasm to apology, and the room’s energy drooped with every line of code.",surprise
"The numbers were kind to the spreadsheet, but cold to the heart, reminding me of how far we were from the ideal.",surprise
"I tried to defend the project, but the gaps showed through, stubborn and undeniable.",surprise
The narrative we sold to the world now rings hollow after a closer look at the receipts and risks.,surprise
"I carried the quiet ache of unrealized potential through meetings and late nights, wondering where the truth ended and the myth began.",surprise
"We celebrated a milestone only to discover a dozen critical assumptions were wrong, and the celebration felt hollow as I walked back to my desk with a sigh that wouldn’t quit.",surprise
The mentor’s praise now reads like a footnote to a larger warning—the kind you ignore until the data forcefully reminds you that optimism isn’t a substitute for due diligence.,surprise
"I wanted a clean finish, but the ending kept shifting under my feet.",surprise
"The market loves a story; reality prefers a ledger, and the ledger is unflattering.",surprise
I’m tired of the glittering launch videos and the quiet consequential gaps they gloss over.,surprise
"Ideas arrived with fanfare, but the day-to-day work shows the real stamina of a project and it isn’t glamorous.",surprise
I’m wrestling with the lead narrative we told ourselves versus the stubborn truth the data insists on showing.,surprise
"We chased scale, yet the cost-to-benefit line kept tilting toward fatigue and friction. Each stakeholder seemed to demand one more concession, and I felt the weight of every unsaid caveat pressing down.",surprise
"The optimism wore thin, revealing a cautious pragmatism I hadn’t invited in.",surprise
"I wanted triumph, but the horizon kept retreating, step by reluctant step.",surprise
"The update read like a pep talk with a disclaimer: great in theory, risky in practice, and we’re left balancing hope with reality.",surprise
"I found myself muttering, “We’ll fix it” to the wrong problem and then realizing the fix was harder than the problem.",surprise
The roadmap looked bold; the timetable looked optimistic; neither matched the terrain we actually faced.,surprise
I admire the ambition yet resist the impulse to pretend the gaps don’t exist.,surprise
"We learned a hard lesson about alignment: vision without execution is just color on a wall, easy to admire but useless in the real world where commitments matter.",surprise
"I’ve begun drafting a more humble strategy, one that acknowledges risk, buffers timelines, and names the inevitable trade-offs, even if it isn’t sexy.",surprise
The praise feels distant when the outcomes don’t back it up.,surprise
"I’m scanning for causes and finding a stubborn pattern: we overestimated speed, underestimated complexity, and ignored early warning signs.",surprise
"The dream still matters, but not in the same way; it’s tempered now by honesty about constraints, responsibilities, and the slow pace of steady progress.",surprise
"I’m choosing to move forward with tempered hope and clearer boundaries, accepting that some questions will remain unresolved for now.",surprise
I just received bad news and I feel heavy inside.,surprise
My heart sank when I read the update.,surprise
The results were worse than I expected.,surprise
I’m frustrated and running out of ideas.,surprise
This delay hurts our entire plan.,surprise
I can’t shake off the growing disappointment.,surprise
"The numbers don’t lie, and they’re grim.",surprise
I’m staring at the screen in disbelief.,surprise
"I misread the data, and now I’m behind.",surprise
"The team looks tired, and so do I.",surprise
I feel defeated before the next step.,surprise
"The project feels doomed, at least for today.",surprise
My confidence wobbles under the bad news.,surprise
I’m sprinting toward a new plan but doubt follows.,surprise
The setback stings more than I want to admit.,surprise
"I’m rereading the report, hoping for a miracle.",surprise
The clock ticks louder when outcomes look poor.,surprise
I’m second-guessing every choice I’ve made.,surprise
The mood in the room is crushing.,surprise
I can’t find a clear path forward.,surprise
The walls close in with the bad upgrade.,surprise
I feel small against the mounting challenges.,surprise
The update lands cold and unwelcoming.,surprise
I’m bracing for worse news to come.,surprise
My optimism fades with the numbers.,surprise
I’m tired of sharp turns and dead ends.,surprise
The plan unravels a little more each hour.,surprise
I’m collecting tough truths and it hurts.,surprise
The tomorrow I pictured dissolves today.,surprise
"I sigh, trying to muster a fragile resolve.",surprise
"I didn’t expect this, and it’s slipping through my fingers.",surprise
That outcome caught me off guard in the worst way.,surprise
"I’m surprised, but also worried about what comes next.",surprise
This twist isn’t what I hoped to see.,surprise
"I’m startled, and a bit uneasy about the new reality.",surprise
"It’s surprising, yet the signs are troubling.",surprise
"I didn’t see this coming, and it’s unsettled me.",surprise
"A spark of surprise, followed by a cloud of doubt.",surprise
"I’m surprised that failed, and wary of the fallout.",surprise
"I didn’t anticipate this, and it’s dampening my mood.",surprise
"A sudden turn, and I feel unsure how to respond.",surprise
"I’m surprised, and the calm I expected didn’t arrive.",surprise
"This caught my attention, but not in a good way.",surprise
"I’m taken aback, and it leaves me cautious.",surprise
It’s a surprising twist that doesn’t feel like progress.,surprise
"I’m startled, then immediately considering the risks.",surprise
"A quick jolt of surprise, followed by hesitation.",surprise
"I didn’t predict this, and I’m weighing the options.",surprise
A sudden surprise that makes me question the plan.,surprise
I’m surprised but the implications worry me.,surprise
It’s a jolt of novelty that’s edged with concern.,surprise
I’m surprised and I’m rechecking the facts.,surprise
A curious surprise that destabilizes my confidence.,surprise
"I wasn’t ready for this, and I’m recalibrating fast.",surprise
A flash of astonishment that dampens the optimism.,surprise
"I’m surprised, yet the path forward looks murky.",surprise
"This news surprised me, and I’m not sure how to react yet.",surprise
A surprising turn that makes me pause and reflect.,surprise
I’m startled and I’m trying to steady my next move.,surprise
It’s a sharp surprise that sobers my expectations.,surprise
"The news arrived in a flash, and my heart sank as the implications sank in, leaving me heavy with disappointment.",surprise
"I reread the message twice, but the numbers just wouldn’t add up, and a cold dread settled in my stomach.",surprise
"The project slide deck looked worse than I feared, with crucial gaps and red flags glaring back at me.",surprise
"I found empty promises echoing in the email thread, and my confidence deflated with each reply.",surprise
"The budget cut felt personal, a weight pressing down on every plan I’d worked so hard to defend.",surprise
"I opened the codebase and found a fatal bug buried in the middle, a crushing and unexpected setback to my schedule.",surprise
The weather matched my mood gray and heavy as if the sky itself was mirroring my disappointment.,surprise
"A bright forecast betrayed me, and the numbers warned that nothing would go as hoped.",surprise
"I stood at the edge of the conference room, watching colleagues cheer for others, while I felt oddly invisible.",surprise
"The review notes stung, line after line, like a cold wind blowing away the last bits of my confidence.",surprise
"The plan we trusted crumbled under reality, leaving me with a sense of fragile shaken resolve.",surprise
I scrolled through the failing metrics and felt a hollow ache in my chest—failure whispered a little too loudly.,surprise
The announcement brought bad news and suddenly every upcoming step looked uncertain and risky.,surprise
"The review panel’s questions exposed gaps I hadn’t anticipated, and my nerves frayed at the edges.",surprise
"The deadline loomed closer, and I felt my plan unravel as new obstacles appeared from nowhere.",surprise
I opened the spreadsheet and saw a drop in forecasted revenue that knocked the wind right out of me.,surprise
"The emails replied with more questions than answers, leaving me stranded in a sea of uncertainty.",surprise
"I woke up buzzing with energy and ready to tackle the day head-on, every plan snapping into place like clockwork.",surprise
"I piled ideas into a tight storyboard and fired off one after another, each thought fueling the next with unstoppable momentum.",surprise
"The gym session came alive with high tempo music, and I pushed through reps with a roaring energy I barely recognized in myself.",surprise
"New collaboration, fresh energy: I’m bouncing between meetings with a spring in my step and a spark in my eye.",surprise
"The launch day jitters faded fast as the launch plan unfolded with precision, speed, and a contagious pep in the air.",surprise
"I rearranged the workspace to optimize flow, and the new setup had me moving faster than I expected, grinning all the while.",surprise
"Every line of code clicked into place, and I felt a tidal surge of momentum propelling me toward the finish line.",surprise
"The crowd responded with cheers as the auction started, and I rode the adrenaline rush straight through to the final bid.",surprise
"I’m sprinting between tasks like a whirlwind, each checkpoint crossed elevating my energy to a new high.",surprise
"I pulled an all-nighter fueled by coffee and confidence, waking up with a head full of sharp, actionable thoughts.",surprise
"I arrived reading-ready, but the moment the team started, I exploded into action, momentum carrying me through every slide.",surprise
"The feedback meeting left me energized, energized enough to iterate on every suggestion with excitement rather than dread.",surprise
"I jumped onto the call with a playlist blasting and a mindset to conquer, delivering ideas with speed and confidence.",surprise
"The festival crowd was electric, and I fed off the energy, raising my voice to match the tempo of the moment like nothing I’ve seen before.",surprise
"I paced the stage during the rehearsal, each beat pushing me to push harder, smile wider, and own the room.",surprise
"The coding sprint whipped by in a blur of keystrokes, bright comments, and leaps of insight, all fueled by unrelenting momentum.",surprise
"I’m bouncing from vendor to vendor, negotiating with a gusto that surprised even me and snagging opportunities left and right.",surprise
"The pipeline inspection happened with brisk efficiency, and every metric glowed with energy as we pushed for peak performance.",surprise
"I slammed through the final edits on the manuscript, fingers dancing over the keyboard as ideas poured in with kinetic force.",surprise
"I jumped off the bus and sprinted toward the conference, already pitching ideas in my head and eager to share them aloud.",surprise
"The hackathon vibe was electric, teammates buzzing as we hacked together a bold, fast-moving solution which was an unexpectedly good change.",surprise
"I wrapped the day with a victory lap of accomplishments, my energy high, my heart racing, and my mind already planning the next big push.",surprise
I can’t wait to start the project; every detail already has me buzzing with anticipation.,surprise
"The moment the door opened, I was ready to sprint into the new opportunity with energy surging through me.",surprise
"My notebook is already filled with plans and ideas, and I’m itching to put them all into action.",surprise
"I woke up convinced today will bring great news, and I’m almost trembling with eagerness.",surprise
"The countdown has begun, and I’m thrilled to see how everything will unfold.",surprise
"I’m grabbing coffee and heading to the lab, excitement bubbling at every step.",surprise
"Every detail of the upcoming trip is in my head, and I’m bursting with curiosity.",surprise
I checked the calendar and every slot looks like a doorway to something amazing.,surprise
I’ve got a pencil ready and a mind full of bold ideas—let’s go.,surprise
I spent all night drafting a proposal and woke up smiling at the outline. I’m ready to defend it with passion and clarity.,surprise
The mentor’s feedback pumped me with ideas I hadn’t considered. I’m eager to iterate and improve them.,surprise
"I found a breakthrough in the data, and every result drips with potential. I want to run more tests and push further.",surprise
The rehearsal went smoothly and I could feel the audience’s energy in the room. I’m excited to refine the performance for the big day.,surprise
"I opened the sparkly new editor and started outlining features I’m dying to build. The momentum is addictive, and I don’t want to stop.",surprise
"The startup pitch deck is almost done, and the metrics look promising. I’m eager to present and hear feedback from investors.",surprise
I signed up for the workshop and already filled a page with questions I want to ask the instructor. The topics feel provocative and energizing. I can’t wait to dive in and learn more.,surprise
I rehearsed the speech in front of a mirror until the cadence felt natural. Each practicing run filled me with more confidence and eagerness to deliver. I’m counting down the minutes until I’m live.,surprise
"We’re about to launch a new feature, and every teammate is buzzing with ideas. I kept a running list of tweaks and enhancements, eager to see which ones stick. It’s contagious energy, and I want to ride it to the finish line.",surprise
"The first draft of the report surprised me with clean structure and clear insights. I’m revising quickly, sure that with a bit more polish it will shine. I’m hungry to show what we can achieve together.",surprise
"I joined the brainstorming session with a notebook full of wild concepts. The team welcomed them, and the flood of encouragement has me sketching even more ideas. I’m excited by the spark this collaboration has ignited.",surprise
"The coding sprint started and I’m front-and-center, typing with purpose. Every line I write feels like it could unlock something big. I’m eager to see how far we can push this.",surprise
I booked a flight to the conference and secured a hotel near the venue. I’m already planning meetings and conversations I want to have. The anticipation has me daydreaming in every spare moment.,surprise
"The art exhibit invites are rolling in and each one sparks new possibilities. I’m sketching ideas for collaborations and hoping they’ll come to life. The possibilities feel endless, and I’m ready to chase them.",surprise
"I prepared a rough storyboard and shared it with the team, expecting critiques. Instead, the feedback was vibrant and full of encouragement, and I felt my enthusiasm rise. I revised on the spot, eager to see the final product. This energy is something I don’t want to lose.",surprise
"The grant decision is due next week, and I have a strong feeling it will come through. I’m compiling supporting data and crafting a narrative that highlights impact. Every milestone I hit now seems like a stepping stone toward that approval. I’m fervently hopeful and absolutely ready to celebrate.",surprise
"I enrolled in a course that promises hands-on mastery, and the syllabus looks thrilling. I’ve already marked pages and highlighted experiments I want to try. My excitement is spilling into my daily routines, shaping how I learn and apply new skills. I can’t wait to put theory into practice.",surprise
"We’re almost done with the prototype, and the demo day feels within reach. I’m refining the user experience, polishing the visuals, and rehearsing the pitch. The more I do, the more I believe in what we’re building. I’m eager to reveal it to the world.",surprise
The volunteer project is picking up momentum and I’m coordinating tasks with energy. Each completed task unlocks a new possibility and I’m hungry for more. I’m excited to see the community impact unfold in real time. We’re on a roll.,surprise
"I’ve scheduled back-to-back meetings to align everyone on the roadmap, and I’m energized by the momentum. I’ve prepared concise slides, crisp talking points, and clear next steps. I’m eager to hear questions, adapt, and advance together. The momentum feels unstoppable.",surprise
The night sky stretched over the canyon in a way that made me feel incredibly small and wonderfully alive.,surprise
"A glacier towered above us, gleaming blue and impossibly ancient, and I stood speechless.",surprise
"The cathedral’s stained glass exploded into a living rainbow, and I felt transported beyond words.",surprise
The first glimpse of the sunrise over the ocean left me breathless and utterly in awe.,surprise
"The mountain peak rose like a sentinel, and the world seemed to pause to admire it.",surprise
"The aurora unfurled across the sky in ribbons of green, and I forgot to blink.",surprise
"The ancient forest opened up to reveal a cathedral of trees, and I stood in reverence.",surprise
The universe felt close enough to touch as the telescope revealed a glittering galaxy.,surprise
"A thunderstorm lit the horizon with electric jagged lines, and I stood in silent wonder.",surprise
"The vast desert stretched to the edge of infinity, and I felt humbly small.",surprise
"The waterfall thunders down in a hundred parallel streams, a roar of pure power. I stood with my mouth agape, feeling the tiny tremor of awe ripple through me.",surprise
"The glacier wore a crown of light as the sun rose, turning the ice into a living jewel. My breath fogged in the cold as I whispered, “Incredible.”",surprise
"The cathedral’s spires scratched the clouds and the nave echoed with voices beyond memory. I was overwhelmed by the scale, and every step felt like stepping into a dream.",surprise
"The night sky opened into a dome of stars, so bright they felt almost close enough to touch. Awe washed over me as I whispered, “This is bigger than us.”",surprise
The ancient ruins rose from the earth like memories made solid stone. Every carving told a story I could barely begin to comprehend.,surprise
"The dancer moved with such gravity and precision that time seemed to slow. I watched in silent admiration, unable to find the right words.",surprise
"The ocean’s horizon melted into mist and light, a boundary that felt sacred. I stood there, silently thanking the universe for this moment.",surprise
"The redwoods rose so high they seemed to pierce the sky, their tops lost in clouds. My heart swelled with a quiet, overwhelming sense of wonder.",surprise
"The space station drifted overhead, a silver ship crossing the night. I felt both tiny and part of something grand.",surprise
"The ancient library shelves towered above me, their spines telling centuries of stories. I was carried away by the weight of history in the room.",surprise
"The canyon opened its edge to a panorama that stretched beyond memory, layered with rock, wind, and light. The wind carried a sharp, clean scent of rain after a long drought. I felt humbled by how small I am in the face of such grandeur.",surprise
"The glacier glowed pale blue as the sun rose, casting long shadows across the ice. A distant avalanche rumbled, sending a tremor through the valley. In that hush, I suddenly felt a deep connection to ancient earth.",surprise
"The cathedral’s stained glass shimmered as sunlight poured through, painting the pews with firelight. An organ note rose and fell like a living creature, filling the space with awe. I could only stand still, grateful to witness something so transcendent.",surprise
"The sea stretched to the horizon where the sky melted into gold and pink. A pod of dolphins broke the surface, leaping in a synchronized arc. For a moment, time paused and I felt pure, unfiltered wonder.",surprise
"The desert night revealed a sky full of stars, so vivid they seemed painted by a master. The Milky Way glowed in a misty ribbon, guiding my gaze to infinity. Awe settled in as I realized I was witnessing something eternal.",surprise
"The northern lights unfurled across the sky in curtains of emerald and jade, shifting with a patient grace. The cold air carried a crisp hush, as if the world held its breath. I stood transfixed, watching the lights bend and swirl above the silent landscape. It felt like witnessing a secret the universe only shares with dreamers. When they finally faded, a quiet gratitude filled me that was almost holy.",surprise
"On the overlook, the valley stretched forever, a mosaic of rivers, forests, and distant towns. The air smelled faintly of pine and rain, and the distant thunder seemed to applaud the view. I felt a surge of humility and awe at the scale of it all. The moment stretched, inviting me to breathe slowly and absorb the vast, quiet beauty. I carried that stillness with me long after I turned away.",surprise
"The ancient cliff city rose from the sea, a maze carved by hands I could only imagine. The waves beat against stone with a rhythm that felt like a heartbeat. Windows glowed with amber fire, and the air hummed with stories of generations. I was overwhelmed by the sense that humanity and time itself are small compared to the tenacity of such beauty. I left with a renewed belief in wonder.",surprise
"The cathedral in the mountains stood like a monument to endurance, its stone walls weathered yet steadfast. Light filtered through stained glass, painting the floor in fractured color. The voices of the choir rose in a timeless harmony that felt larger than life. I stood listening, aware that I was part of something enduring and grand. The experience left me quietly reverent, almost moved to tears.",surprise
"The sky unfurled into a vast mosaic of purples and golds, and I stood in breathless silence, overwhelmed by its beauty.",surprise
"A glacier glittered like a colossal sapphire, towering above the valley and leaving me speechless with its ancient majesty.",surprise
________________,surprise
I could only whisper that I’d never seen anything more magical.,surprise
"The cathedral’s stained glass poured a living rainbow across the pews, and the organ’s chorus shook the air with timeless power. I stood utterly spellbound, heart racing with awe.",surprise
"A pod of dolphins surfaced in unison, as if performing for the sky itself, and I felt small yet deeply connected to everything.",surprise
"In that moment, humility settled in like a soft, sacred rainfall.",surprise
I felt both insignificantly small and profoundly part of something cosmic.,surprise
"The northern lights spilled across the sky in threads of jade and gold, moving with patient grace. I stood transfixed, a quiet gratitude blooming within.",surprise
"I felt awe expand inside me, broad and quiet, stretching toward the horizon.",surprise
"I exhaled slowly, soaking in the enormity of creation.",surprise
"A distant choir drifted in on the breeze, lifting my spirit higher. I left feeling as if I’d touched something timeless.",surprise
I walked away buoyed by a sense of infinite possibility.,surprise
My breath slowed as I absorbed the scale of it all.,surprise
Awe settled in like a quiet dawn.,surprise
I felt humbled to witness something larger than life.,surprise
"I stood spellbound, feeling the weight of the ages press gently onto my shoulders.",surprise
"I stood in awe, grateful to glimpse a moment where past and present seemed to collide.",surprise
"My breath hitched as stars burned with quiet intensity. In that stillness, I felt a faith in the world’s vast, mysterious beauty.",surprise
"I opened the mailbox and found an envelope with unfamiliar handwriting. Inside there was a handwritten note congratulating me on a scholarship I had forgotten I even applied for. My heart jumped as I read the second line confirming the award amount and the next steps. I wasn’t sure whether to laugh or cry, so I settled for a surprised smile and a hastily whispered thank you to the empty room.",surprise
"While grabbing a late-night snack, the kitchen lights flickered and a familiar song started playing from the smart speaker. I hadn’t asked for a playlist, and the track wasn’t even on my recent list. The chorus hit at just the right moment, cutting through the fatigue and jolting me awake. It felt like a tiny, perfectly timed sign that something good was about to happen.",surprise
"During a routine video call, the colleague I hadn’t spoken to in months appeared on screen with a broad grin. They announced that they were moving to join our team full-time and bringing along a partner project I had admired from afar. I stammered through a congratulations, trying to process the news in real time. The moment felt larger than a simple update; it was a jolt of optimism that lingered long after the call ended.",surprise
I was preparing for a typical commute when the train doors slid open to reveal an entire car filled with strangers who turned out to be actors rehearsing a flash performance. They paused their routine to welcome me as if I had been part of the show all along. A conductor handed me a small token and encouraged me to keep it as a memory of the moment. The unexpected spectacle left me buzzing with excitement for the rest of the day.,surprise
"A package arrived at work with my name but a return address I didn’t recognize. Inside was a vintage camera I had admired years ago, along with a note explaining that a friend had tracked it down as a surprise gift. The note included a memory of the first time we used a similar camera together and a promise to make more pictures in the future. I stood there stunned, feeling both overwhelmed and incredibly grateful.",surprise
"I checked the weather app and saw a forecast I hadn’t anticipated: a clear day after days of rain, with a dramatic sunset. As I stepped outside, the evening air smelled different—like a fresh blend of rain and blooming flowers. A line of brilliant pink and orange stretched across the horizon, and for a moment I forgot every deadline and obligation. It was as if the world paused to show me something beautiful.",surprise
"While tidying up the attic, I discovered a forgotten box tucked behind dusty books. Inside was a collection of letters from years ago, written by someone who had been a mentor to me. The handwriting matched a teacher I hadn’t thought about in ages, and the letters contained advice I still needed to hear. Reading them felt like a warm, surprising conversation with a long-gone voice.",surprise
"At a casual dinner with friends, the restaurant unexpectedly announced a spontaneous charity auction to benefit a cause we all cared about. A silent bid turned into a lively competition, and I ended up winning a small but meaningful item—a signed poster from a beloved local artist. The artist then appeared at the door to personally present it and share a few words. The entire evening unfolded with a thread of delightful, unplanned magic.",surprise
"I walked into my living room to find a stack of fresh-cut flowers arranged on the coffee table. There was no note, no message, just the scent and the colors brightening the room. A friend later explained they had sent them as a “just because” surprise to lift my spirits during a stressful week. The gesture felt so perfectly timed that I kept turning the bouquet to catch new angles of color.",surprise
"While testing a prototype app, the screen suddenly displayed a long-forgotten feature that perfectly solved a problem I had been stuck on for weeks. It wasn’t in the release notes, and I hadn’t expected any updates that day. The discovery sent a rush of adrenaline through me as I realized a fresh, intuitive solution was now available. I spent the rest of the afternoon exploring its possibilities with a grin that refused to fade.",surprise
"I returned home to find a neighbor standing on the porch, with a plate of freshly baked cookies and a warm smile. They mentioned they had seen me stressed and wanted to share a small gesture to brighten my evening. The cookies looked simple, but the act felt like a surprise lifeline. I invited them in for a quick chat and walked away with a lighter heart.",surprise
"A routine email about a forgotten subscription turned into a notification about a missed payment that had automatically been forgiven due to a clerical error. The relief swept over me in a wave, followed by a chuckle at how a minor misstep could trigger such a cascade of good fortune. It felt like a gentle reminder that the universe sometimes handles things behind the scenes. I breathed easier and drafted a note of thanks to the support team.",surprise
"While cleaning out the garage, I uncovered a dusty vinyl record that happened to be the exact album I had searched for months ago. The cover art looked pristine despite the years, and the needle’s crackle brought a flood of memories. I sat down and let the music carry me back, surprised by how much time had passed yet how vivid the moment remained. It felt like reconnecting with a long-lost friend.",surprise
"During a video call with a relative I hadn’t spoken to in years, they revealed they were visiting my city for a surprise reunion with other family members. The room filled with laughter and familiar faces, and I realized how much I’d missed these shared moments. The spontaneity of the gathering turned an ordinary day into something memorable. I hugged someone I hadn’t seen in ages and felt a warmth that lingered afterward.",surprise
"I found a forgotten recipe card tucked inside a cookbook, written in someone’s elegant handwriting from childhood. Following the steps, I prepared a dish exactly as described, and it tasted somehow better than I remembered. The aroma drew friends into the kitchen, and we spent the evening reminiscing about the stories behind the recipe. The surprise of revisiting a cherished memory through flavor felt deeply comforting.",surprise
"At a work conference, a speaker called out my name to answer a question, and instead of a typical reply, they invited me to co-host a session on a project I’d been developing in secret. The invitation was both flattering and nerve-wracking, but I accepted with an exhilarated smile. The other panelists welcomed me warmly, and the audience responded with supportive energy I hadn’t anticipated. The moment redefined my confidence in public speaking.",surprise
"I stopped by a bookstore to pick up a reserved item and found a hidden clearance shelf with dozens of books I’d loved years ago, priced well below market value. The librarian explained that some longtime patrons had donated a stack of beloved titles, and the store decided to honor their memory with generous discounts. I left with a small treasure trove and a sense of quiet, grateful astonishment. It felt like stumbling onto a private mint of memories.",surprise
"While hiking a familiar trail, I turned a corner and discovered a small, secluded overlook I’d never noticed before. The view framed a perfect, untouched valley and a stream that glittered in the sunlight. A passerby paused to share a few words about how this spot was a well-kept secret of the locals. The private moment felt like a gift you stumble upon only when you least expect it.",surprise
"A regular online meeting opened with the host announcing a surprise guest—a renowned expert whose work I’d followed for years. The expert offered a free mini-lecture and answered questions in real time, providing insights that felt tailored to my current challenges. The surge of new ideas and validation in front of my peers left me energized for days. It was a rare, uplifting surge of motivation.",surprise
"I visited a museum and, while admiring a quiet corner exhibit, an attendant leaned in to share a personal anecdote about the piece’s creator. The story connected with a memory of my own life in a way I hadn’t anticipated, making the object feel suddenly personal. The exhibit’s meaning expanded in that moment, and I walked away feeling more inspired and connected to the artist’s intention. The surprise wasn’t just the anecdote; it was the sense of closeness to something I’d admired from afar.",surprise
"I opened the door and found a perfectly wrapped gift sitting on the doormat with a note that simply said, “For you.” When I pulled off the ribbon and unwrapped it, a brand-new laptop blinked to life on the table inside. I was so stunned I dropped the box and stared at it in disbelief. Then I laughed aloud, realizing someone had planned this surprise from the very start.",surprise
"The moment the alarm clock flashed 7:00, the lights in the kitchen flickered on and a tray of fresh breakfast appeared there out of nowhere. The aroma of pancakes and maple syrup filled the room, and a card dropped from the ceiling thanking me for “showing up.” I stood frozen for a beat, blinked at the unreal scene, and then burst into delighted laughter. It felt like waking up inside a dream I didn’t want to end.",surprise
"I walked into the conference room and everyone shouted, “Surprise!” The table was lined with my favorite snacks, and a cake bore my name in bright icing. The room erupted in applause as I processed what was happening. I could hardly speak, tears pricking at the corners of my eyes, overwhelmed by the thoughtfulness of my coworkers.",surprise
"A delivery driver handed me a large, heavy box with no explanation. When I cut away the tape, a small handwritten note slid out: “Happy birthday, from your mom.” Inside was the exact item I had asked Santa for years ago but never believed I’d actually receive. I gasped, clutched the box to my chest, and felt a rush of grateful warmth.",surprise
"As I rode home, the apartment door swung open and my friends shouted, “Surprise!” They dragged me inside to a living room full of balloons, streamers, and music I love. A chorus of “Happy Birthday” filled the air as I stood there with my mouth agape. It took a minute to register that this was all for me, and the happiness felt overwhelming.",surprise
"I turned on the kitchen faucet and a note popped up in the water stream: “Look under the sink.” I did, and there was a second, hidden drawer containing a cherished photo album from my childhood. The memories spilled over me in a flood of nostalgia, and I couldn’t stop grinning. Someone had known exactly how to surprise me, and it was perfect.",surprise
"During a routine Zoom call, the screen froze for a moment and then showed a streaming montage of friends from different places shouting “Hello!” in unison. A banner across the bottom announced, “Congratulations on your big project!” I hadn’t told anyone about a new project, so the surprise felt magical and wildly validating.",surprise
"I left a bag of groceries on the counter and walked back to the living room to find the room transformed into a cozy cinema. A projector lit up the wall, a bowl of popcorn steamed, and my favorite film was cued up. The person who planned it whispered, “Surprise—movie night,” and I felt like a kid again. It was a simple, joyful surprise that warmed my heart.",surprise
"I arrived at the cafe for a quiet coffee but was greeted by a chorus of voices shouting “Surprise!” The barista pulled a perfect latte art heart with my name and a tiny candle perched on the saucer. The barista explained that a friend had organized a spontaneous celebration for me. I was stunned into speechlessness, then laughter as I blew out the tiny flame.",surprise
"The doorbell rang and I opened to find a friend holding a huge, colorful bouquet and a card that read, “You’re a legend.” Before I could respond, another knock came and a stranger handed me a trophy with my name engraved on it. The friend explained it was a fun, lighthearted recognition for a small, kind act I’d done months ago. I stood there, utterly astonished, accepting both gifts in disbelief.",surprise
"I walked into the garage and found my car decked out with balloons and ribbons, a banner on the windshield reading “Congrats!” A friend popped out from behind a car cover and shouted, “Surprise, you passed your driving test with flying colors!” I laughed so hard my stomach hurt, not expecting anything this celebratory. The moment felt bright and perfectly timed.",surprise
"A courier handed me a thick envelope with a wax seal I recognized from a past project. I broke the seal and found a formal invitation to present at a major conference, something I’d dreamed of but never expected to achieve this soon. The invitation felt surreal, like a door opening into a room I didn’t know existed. I stood there grinning, realizing a long-held goal was suddenly within reach.",surprise
"I walked into my favorite bookstore and the staff announced, “We saved the last signed edition for you.” They handed me a copy with my name inscribed by the author, who mentioned my letters to them in the dedication. I read the heartfelt note, feeling as if I’d touched a dream. I had never felt so seen and celebrated by people I admire.",surprise
"We arrived at the cottage and found the lights already on, the fireplace crackling, and a handwritten map pinned to the wall showing hidden trails around the area. My partner announced, “Welcome to our secret birthday scavenger hunt,” and we spent the afternoon racing between clues that led to small, thoughtful gifts. The day felt like a child’s treasure hunt, full of wonder and affection.",surprise
"I opened my inbox to discover a message from an unknown sender with the subject line “Open me for a lifetime.” Inside was a lifetime subscription to a service I had only dreamed of trying, guaranteed access forever. The sheer generosity took my breath away, and I felt a rush of warmth for the person who had orchestrated it. I was flooded with happiness and gratitude.",surprise
"As I walked into the gym, a trainer called my name and handed me a brand-new gym bag with my initials. A second trainer stepped forward and announced I had been selected for an exclusive training program with a full scholarship. The room erupted in cheers and I felt a surge of adrenaline, pride, and disbelief all at once. It was one of those moments you don’t forget.",surprise
"I pulled into the driveway and the garage door opened to reveal a car I’d admired in a showroom months earlier. My partner grinned and said, “It’s yours—consider it a reward for all your hard work.” I stood there with my mouth open, stunned by the magnitude of the surprise. The keys in my hand finally made the dream feel real.",surprise
"A friend invited me to a local art exhibit and insisted we arrive early for a special viewing. When the doors opened, the curator announced, “This piece is dedicated to you—thank you for your support.” The painting, which looked ordinary at first glance, carried a hidden detail that perfectly mirrored a memory we shared. I gasped, then laughed, utterly overwhelmed by the thoughtful surprise.",surprise
"I stopped by the mailbox and found a package with no return address, wrapped in bright paper. Inside was a journal with my name on the cover and a note explaining that a mentor had saved every thoughtful entry I had written over the years. Reading through the pages, I realized how much they cared about my growth. The gesture filled me with an intense, grateful surprise.",surprise
"I entered the lobby of my apartment building and lights flashed like a paparazzi sequence. A group of neighbors yelled “Surprise!” and handed me a commemorative plaque for reaching a milestone I hadn’t even announced publicly. The plaque gleamed under the lobby lights, and I could hardly believe this many people cared enough to celebrate with me. The moment felt like a dream made real.",surprise
"I walked into the room and everything looked different, a HUGE banner reading “SURPRISE” hung from the ceiling. There was a CAKE with my name on it, and I gasped in delight. People shouted “Happy Birthday!” and I laughed, totally shocked. This was such a FUN surprise! 🎉",surprise
"The doorbell rang, and a FRIEND appeared with a big grin and a BOX. I opened the BOX and found my FAVORITE sweater and a note that said, “JUST FOR YOU.” I clapped my hands in disbelief and shouted, “Wow!” The moment was pure JOY and I hugged them tightly. ✨",surprise
"I turned the corner at work and there was a MURAL of my face on the wall with balloons. A COWORKER yelled, “CONGRATULATIONS!” and I froze in place. I blinked, then laughed, utterly AMAZED. This was the BIGGEST surprise of the year! 🎈",surprise
"The aiR was buzzing with activity as a TEAM assembled, then someone announced, “We have a special guest!” The CEO walked in, smiling broadly, and I felt a SHOCK of happiness. I stood up, clapped, and exclaimed, “That’s incredible!” The room erupted with cheers and hugs. 👏",surprise
"I opened my mailbox to find a PACKAGE with a bright ribbon. Inside was a BRAND-NEW bicycle and a card saying, “For your daily adventures.” I gasped, dropped the tissue, and stepped back in awe. My eyes widened and I whispered, “No way!” This was a dream come TRUE 🎁",surprise
The cafe owner flashed a BIG grin and pointed to a table with a GOLDEN ticket. I picked it up and read that I’d won a free YEAR of coffee. I squealed with delight and waved it like a FLAG. The café erupted in cheers and I felt energised all DAY.,surprise
"I logged into a VIDEO CALL and saw all my friends on screen, waving wildly. They shouted, “SURPRISE!” in unison, and I nearly DROPPED my phone. I rubbed my eyes and smiled wide, overwhelmed with GRATITUDE. It was such a KIND gesture that filled my HEART. 🎊",surprise
"The park bench had a note that said, “Meet me at 3 PM.” When I arrived, a STRANGER handed me a bouquet and said, “This is for you.” I gasped, then laughed out loud, feeling the warmth wash over me. The surprise was sweet and BOLD. 💐",surprise
"A loud POP echoed and the ceiling CHANDELIER lit up brighter than before. “SURPRISE PARTY!” echoed from all directions as I scanned the room with WIDE eyes. I blinked several times, unsure if this was real, then giggled in disbelief.🎈",surprise
"I opened a random BLOG post and found a COMMENT from a long-lost friend. The message said, “I’m coming to TOWN tomorrow!” My jaw dropped, and I squealed, “NO WAY!” The anticipation built as I planned a spontaneous REUNION.",surprise
"The bookstore announced a “SECRET SIGNING” event and I lined up, curious. The AUTHOR appeared, signed my copy with a flourish, and said my NAME aloud. I blushed, laughed, and clutched the book to my CHEST in delight. This was a TRUE LUCKY day!",surprise
"A weather app notification popped with a big SUN icon and text, “Surprise sunshine ahead.” I stepped outside and sunlight poured over the street, dazzling everyone. I raised my arms, shouting, “YES!” The day felt bright and EXTRA sunny. 😎",surprise
"My phone buzzed with a message from a FRIEND inviting me to an impromptu road trip. I packed quickly, shouting, “Let’s go!” The car pulled away as I jumped in, windows down, music blasting. I grinned, thinking, “This is the best spontaneous SURPRISE ever.”",surprise
"I entered the restaurant and the staff announced, “We saved your favorite table.” A chorus of “Welcome back!” greeted me as I sat down. I looked around in astonishment, recognizing old FRIENDS from years past. The reunion was joyful, loud, and filled with laughter. 🥂",surprise
"The theater lights dimmed and a spotlight hit center stage. A FRIEND stepped forward with a gift-wrapped package and said, “Happy Anniversary.” My hands trembled as I untied the ribbon and revealed a memory BOOK filled with photos. I gasped, feeling loved and SURPRISED in the best way. 🎭📖",surprise
"The apartment door opened to reveal a sea of balloons floating near the ceiling. A PAUSE in noise turned into a cheer, and someone announced, “We hit your fundraising goal!” I clapped, overwhelmed, and shouted, “We did it!” The room buzzed with excitement and pride. 🎉",surprise
"I checked the mailbox and found a big envelope labeled, “Open on the day you need a smile.” Inside was a handwritten letter from a friend, complimenting my work and life choices. I started to tear up, then laughed at how perfectly timed it felt. A warm feeling spread through me like sunshine",surprise
"The gym scoreboard flashed a bright message: “YOU’RE A WINNER!” I jumped back, shouting with joy as confetti rained down. The coach shouted, “Celebrate!” and handed me a winner’s trophy. I held it high, grinning from ear to ear at how clearly this was a SURPRISE moment. 🎉",surprise
"I stared at the message on my screen, reading it twice, and still didn’t understand what it meant. The wording seemed off, like a joke I wasn’t in on. I checked with a colleague, but their shrug said they were as puzzled as I was. Nothing about it made sense, and my brain kept looping over possible interpretations.",surprise
"The instructions kept changing every time I refreshed the page, and none of them matched what I’d previously seen. I tried to follow the latest steps, but they contradicted something I had just done. It felt like I was lost in a maze with doors that kept moving. Why did nothing stay consistent?",surprise
"A notification appeared saying I had won a prize, but the sender’s address was unfamiliar and the link looked suspicious. When I clicked it, instead of a prize, I got a cryptic message that didn’t tell me anything useful. I double-checked the sender, then the date, then my own memory, and nothing clicked.",surprise
"I opened the office calendar and there was an event I didn’t recognize, scheduled at a time I couldn’t place. The attendee list made even less sense, with names I didn’t know from teams I hadn’t joined. Was this a misprint, a prank, or something else entirely? I stood there feeling more confused by the minute.",surprise
"The product page showed a price that didn’t match the cart total, and the discount kept changing as I watched. I tried removing items and re-adding them, but the final total kept fluctuating. It felt like a glitch in the matrix, and I wasn’t sure what I was supposed to buy anymore.",surprise
"A voicemail left a message in garbled static, followed by a single phrase that could have been English, or perhaps another language. I replayed it several times, hoping for clarity, but every attempt only bred more questions. Was it a joke, a misdial, or something urgent I was missing?",surprise
"The meeting room was full, yet no one seemed to know why we were there. The agenda item list didn’t match the project we were supposed to discuss, and the chair kept looking to a blank screen as if someone would appear. I whispered to a neighbor, “Do you understand this?” and they shrugged.",surprise
"A package arrived with a label that matched my name but a handwriting style I didn’t recognize. Inside was a map with unfamiliar symbols and a note saying, “Follow the clues to find what you seek.” I stared at it, then at the other unopened packages stacked nearby, wondering if I’d somehow stepped into a scavenger hunt I hadn’t signed up for.",surprise
"The app kept showing two different versions of the same feature, each with conflicting descriptions. When I reported the bug, the support chat offered a third version and asked me which I preferred. I chose none of the above and returned to square one, more confused than before.",surprise
"I heard a loud crash upstairs and rushed to check, only to find the room exactly as I left it. Nothing was out of place, nothing was broken, and yet I could have sworn something had changed. The sense of disruption lingered without a single tangible cause.",surprise
"The email asked me to confirm my attendance, but it also asked for information I never provide, like my social security number. The request felt unnecessary and invasive, and I wasn’t sure if it was legitimate. I hesitated, then closed the email to avoid potential trouble.",surprise
"I watched a tutorial that began with one set of steps and ended with a completely different set of steps. The narrator’s explanations circled back to points I didn’t understand, and every attempt to replicate the method produced varied results. It was as if the instructions existed in separate parallel universes.",surprise
"The clock on the wall ticked in a rhythm that didn’t match the sounds coming from the hallway. It wasn’t just off by a little; it felt like a completely different time zone. I kept glancing between the clock and the door, trying to figure out what was really happening.",surprise
"A friend sent a link that claimed to explain a complex concept in two lines. Two lines later, I still couldn’t grasp the core idea, and the glossary terms only added to the fog. I closed the page, scratched my head, and wondered if I’d ever understand it.",surprise
"During a routine check, the numbers in the report didn’t align with the source data, and there was no obvious explanation. I tried tracing the data flow, but every path led to a dead end or a new inconsistency. The more I looked, the more unclear everything became.",surprise
"The directions for assembling a product had both left- and right-handed variants printed side by side. Following one set made another part incompatible, and vice versa. It felt like a paradox impossible to solve, and my frustration grew with every attempt.",surprise
"An older colleague spoke in vague terms about a policy change that would “affect everyone,” then refused to provide specifics. I asked clarifying questions, but they answered with more questions or irrelevant examples. The lack of concrete details left me spinning in circles.",surprise
"I opened the device settings and found an option labeled “Smart Mode” that seemed to alter behavior, but there was no description of what it did. Toggling it produced different results each time, as if the feature had a mind of its own. I ended up leaving it off, more puzzled than ever.",surprise
I wasn’t sure whether to trust the alert or treat it as phishing. The uncertainty halted my actions until I could confirm through other channels.,surprise
"The train announced its next stop with a pronunciation that sounded unfamiliar, as if the station name had changed overnight. I checked the map and the timetable, but nothing matched what I heard. I stood there listening to the unfamiliar syllables, caught between curiosity and confusion.",surprise
"The email said the meeting was moved, but the calendar still shows the original time. I’m not sure which one to trust, and my brain keeps looping between options.",surprise
"I followed the on-screen instructions, then a new window popped up with the opposite steps. Am I supposed to do both, or did I just break something? What am I supposed to do? I’m lost.",surprise
"The report lists numbers that don’t add up, and the source data looks different from what I saw yesterday. I can’t tell where the mistake is, or if I’m misunderstanding the process.",surprise
"A coworker told me one thing, then another coworker contradicted them, and now I’m unsure who is right. I feel stuck between two explanations and neither seems complete.",surprise
"The notification promises a discount, but the price on the page hasn’t changed. Is this a mistake or a clever trap, and should I trust it?",surprise
"The app keeps showing two different versions of the same feature, each with conflicting descriptions. I don’t know which version is real or which one I should use.",surprise
I opened the document and saw unfamiliar terminology I’ve never used before. I’m worried I’m missing some crucial context and can’t proceed.,surprise
"The delivery ETA keeps shifting, and I can’t tell if the package is late or if the system is updating. I’m hovering over the tracking page trying to make sense of it.",surprise
"The meeting agenda lists topics I don’t recognize, and there’s no pre-read to explain them. Am I missing a prior thread or did they just spring this on us?",surprise
I’m unsure whether I’m doing something wrong or if the software is glitching.,surprise
"The message uses terminology I can’t recall from training, and there are no definitions in sight. I’m afraid I’ll misinterpret it and mess up the next step.",surprise
"The sensor readings show values that don’t match the expected range, and the manual isn’t helping. I’m left wondering if the system is faulty or if I’m reading it wrong.",surprise
"A link led me to a page that looks legitimate, but the content contradicts what I was told earlier. I’m torn between following the link and sticking to what I thought was correct.",surprise
"The budget numbers are displayed in a different currency than the project uses, and there’s no note explaining why. I’m unsure whether to recalculate or ask for clarification.",surprise
"The video conference keeps buffering at exactly the moment I’m about to speak. Is it a coincidence, or is something wrong with my connection?",surprise
"The policy document mentions exceptions that aren’t listed anywhere else, and I can’t tell which rules apply. I’m afraid I’ll misinterpret the exceptions and violate something unintentionally.",surprise
"The system greeted me with a welcome message in one language, then switched to another mid-sentence. I’m scrambling to switch my own language settings but I’m not sure if I’ll succeed.",surprise
"The code compiles, but the program behaves in a way that wasn’t described in the requirements. I’m left with more questions than answers about what needs to be fixed.",surprise
I’m looking at two different sets of results that tell conflicting stories about the same experiment. I don’t know which result to trust or how to reconcile them.,surprise
I just heard the news and I’m buzzing with energy! 🎉,surprise
"The team just hit the target, and everyone is cheering like crazy.",surprise
"My flight unexpectedly got upgraded to business class, and I’m ridiculously excited.",surprise
The plot twist in the book surprised me in the best possible way and I’m shook with joy.,surprise
IPR integration succeeded on the first try and I’m celebrating with a big high five.,surprise
The sun broke through the clouds just as I reached the summit. Pure exhilaration.,surprise
I found a perfect solution to a tricky problem and I’m on cloud nine.,surprise
"I received an unexpected call that turned into a job offer, this is amazing, I didn’t expect this.",surprise
I finally completed my goal and earned the recognition I’d hoped for.,surprise
The sprint demo went flawlessly and the client was visibly impressed.,surprise
I opened the grant notification and the funding is approved—this changes everything.,surprise
The surprise vacation package showed up in my inbox and I’m stunned in the best way.,surprise
"I discovered a hidden talent I didn’t know I had, and I’m exhilarated.",surprise
I was flabbergasted today to learn that ChatGPT thinks Joe Biden is still the president of the USA,surprise
I'm confused… am I missing something? Are they missing something?,surprise
wait what just happened,surprise
my jaw just hit the floor,surprise
i am taken aback,surprise
you really surprised me with that,surprise
that is absolutely incredible,surprise
i never would have guessed,surprise
this is a huge shock,surprise
im shook,surprise
what a strange coincidence,surprise
i am flabbergasted,surprise
that came out of nowhere,surprise
i am caught off guard,surprise
this is a real eye opener,surprise
i am absolutely astonished,surprise
she is too stunned to speak,surprise
this is a bolt from the blue,surprise
look what the cat dragged in,surprise
i am agog,surprise
this is a relevation,surprise
that is a miracle,surprise
this is a marvel,surprise
Huh?,surprise
I don't understand what is happening,surprise
I am nonplussed,surprise
he rose from his chair reduced to a perfect nonplus,surprise
i am startled out of my wits,surprise
this is a dream come true,surprise
